whole milk,yogurt,bread
whole milk,butter,eggs
bread,butter,jam
whole milk,yogurt,fruit
bread,eggs,bacon
whole milk,bread,butter
coffee,sugar,milk
whole milk,yogurt,cereals
bread,cheese,ham
whole milk,eggs,butter
yogurt,fruit,honey
bread,butter,cheese
whole milk,coffee,sugar
eggs,bacon,bread,butter
whole milk,yogurt,bread,fruit
cheese,crackers,wine
whole milk,bread,eggs
butter,jam,bread
whole milk,cereals,banana
yogurt,granola,honey
bread,peanut butter,jam
whole milk,chocolate,cookies
eggs,bread,tomatoes
whole milk,butter,flour
coffee,cream,sugar
whole milk,yogurt,strawberries
bread,turkey,cheese,lettuce
whole milk,ice cream,chocolate
eggs,mushrooms,onions
whole milk,bread,butter,jam
yogurt,blueberries,granola
bread,avocado,tomatoes
whole milk,cookies,milk chocolate
bacon,eggs,bread,orange juice
whole milk,butter,sugar,flour
coffee,bagels,cream cheese
whole milk,yogurt,cereals,banana
bread,ham,cheese,mustard
whole milk,eggs,bacon
yogurt,honey,nuts
bread,butter,eggs,milk
whole milk,pasta,tomato sauce
rice,chicken,vegetables
whole milk,cheese,crackers
bread,tuna,mayonnaise
yogurt,fruit salad,granola
whole milk,bread,peanut butter
eggs,spinach,feta cheese
whole milk,cereal bars,juice
bread,butter,honey
whole milk,yogurt,muesli
coffee,donuts,milk
whole milk,cookies,tea
bread,cheese,salami
eggs,bell peppers,onions
whole milk,butter,bread,honey
yogurt,kiwi,banana
bread,chicken,lettuce,mayo
whole milk,ice cream,strawberries
bacon,sausages,eggs,bread
whole milk,flour,yeast,sugar
coffee,muffins,butter
whole milk,yogurt,protein bar
bread,roast beef,horseradish
eggs,potatoes,onions,bacon
whole milk,chocolate milk,cookies
pasta,pesto,parmesan
whole milk,bread,jam,butter
yogurt,raspberries,honey
bread,cream cheese,salmon
whole milk,pancake mix,syrup
eggs,cheese,ham,bread
coffee,croissants,jam
whole milk,yogurt,cornflakes
bread,nutella,banana
whole milk,butter,garlic bread
bacon,eggs,hash browns
yogurt,chia seeds,berries
bread,meatballs,marinara
whole milk,whipped cream,strawberries
eggs,asparagus,hollandaise
whole milk,cereal,raisins
coffee,biscotti,cream
bread,butter,cinnamon,sugar
whole milk,yogurt,peaches
ham,cheese,bread,pickles
eggs,broccoli,cheese
whole milk,oatmeal,brown sugar
pasta,alfredo sauce,chicken
whole milk,bread,butter,eggs,bacon
yogurt,mango,coconut
bread,pastrami,swiss cheese
whole milk,cocoa,marshmallows
eggs,zucchini,tomatoes
coffee,scones,clotted cream
whole milk,yogurt,trail mix
bread,hummus,cucumber
whole milk,pudding,vanilla
bacon,lettuce,tomato,bread,mayo
eggs,salmon,dill
whole milk,granola bars,apple
pasta,carbonara,bacon
whole milk,bread,almond butter
yogurt,pineapple,coconut flakes
bread,brie,grapes
whole milk,hot chocolate,whipped cream
eggs,kale,garlic
coffee,pound cake,berries
whole milk,yogurt,protein powder
bread,pulled pork,coleslaw
whole milk,ice cream,caramel
eggs,chorizo,peppers
bacon,maple syrup,pancakes
whole milk,bread,cream cheese
yogurt,figs,honey
bread,mortadella,provolone
whole milk,brownies,walnuts
eggs,artichokes,lemon
coffee,eclairs,chocolate
whole milk,yogurt,wheat germ
bread,roasted vegetables,goat cheese
whole milk,pudding cups,fruit
eggs,leeks,gruyere
bacon,eggs,waffles,syrup
whole milk,bread,butter,raspberry jam
yogurt,pomegranate,pistachios
bread,prosciutto,mozzarella,basil
whole milk,cheesecake,strawberries
eggs,sun dried tomatoes,basil
coffee,tiramisu,cocoa
whole milk,yogurt,flaxseed
bread,falafel,tahini
whole milk,cookie dough,chocolate chips
eggs,truffle,parmesan
bacon,cheddar,jalapenos
whole milk,bread,honey butter
yogurt,acai,granola
bread,lamb,mint sauce
whole milk,mousse,raspberries
eggs,caviar,creme fraiche
coffee,macarons,vanilla
whole milk,yogurt,spirulina
bread,duck,orange sauce
whole milk,panna cotta,berries
eggs,lobster,butter
bacon,brie,cranberries
whole milk,bread,nutella,strawberries
yogurt,dragonfruit,lime
bread,brisket,bbq sauce
whole milk,tiramisu,espresso
eggs,scallops,bacon
coffee,cannoli,ricotta
whole milk,yogurt,goji berries
bread,foie gras,fig jam
whole milk,creme brulee,vanilla bean
eggs,oysters,champagne
bacon,gouda,apple
whole milk,bread,biscoff,banana
yogurt,lychee,mint
bread,venison,juniper
whole milk,profiteroles,chocolate sauce
eggs,uni,soy sauce
coffee,baklava,honey,pistachios
whole milk,yogurt,matcha powder
bread,wagyu,truffle butter
whole milk,souffl√©,grand marnier
eggs,foie gras,brioche
whole milk,bread,butter,eggs
yogurt,fruit,granola,honey
bread,cheese,ham,tomatoes
whole milk,coffee,cookies
eggs,bacon,sausage,toast
whole milk,yogurt,cereals,milk
bread,butter,jam,honey
whole milk,chocolate,candy
eggs,vegetables,rice
whole milk,bread,peanut butter,jelly
yogurt,berries,nuts,seeds
bread,meat,cheese,lettuce,mayo
whole milk,ice cream,toppings
eggs,pasta,sauce
whole milk,yogurt,fruit juice
bread,fish,tartar sauce
whole milk,cake,frosting
eggs,tofu,soy sauce
bacon,pancakes,syrup,butter
whole milk,bread,cheese,crackers
yogurt,smoothie mix,protein
bread,soup,crackers
whole milk,cookies,brownies
eggs,salad,dressing
coffee,pastries,cream
whole milk,yogurt,honey,oats
bread,sandwich meat,condiments
whole milk,cereal,fruit,milk
eggs,breakfast burrito,salsa
whole milk,bread,butter,sugar
yogurt,parfait,granola
bread,pizza toppings,mozzarella
whole milk,hot cocoa,cookies
eggs,quiche,spinach
bacon,breakfast sandwich,cheese
whole milk,yogurt,smoothie
bread,sub fixings,oil,vinegar
whole milk,muffins,coffee
eggs,frittata,vegetables
whole milk,bread,french toast
yogurt,breakfast bowl,fruits
bread,bagel,lox,capers
whole milk,donuts,coffee,milk
eggs,scramble,cheese,peppers
whole milk,yogurt,breakfast,cereal
