review,sentiment
"This movie was absolutely fantastic! The acting was superb and the plot kept me engaged throughout.",positive
"Terrible waste of time. The storyline was boring and predictable.",negative
"One of the best films I've seen this year. Highly recommended!",positive
"Awful movie. I fell asleep halfway through.",negative
"Incredible cinematography and brilliant performances by the entire cast.",positive
"Completely disappointing. Expected much better from this director.",negative
"A masterpiece! Every scene was beautifully crafted.",positive
"Worst movie ever. Don't waste your money on this garbage.",negative
"Loved every minute of it! The soundtrack was amazing too.",positive
"Poorly written script with terrible acting. Very disappointed.",negative
"Outstanding film with a powerful message. Must watch!",positive
"Boring and slow. Nothing happens for the first hour.",negative
"Exceptional storytelling and great character development.",positive
"Horrible direction and confusing plot. Total disaster.",negative
"What an emotional rollercoaster! Cried at the end.",positive
"Waste of two hours. The trailer was better than the movie.",negative
"Brilliant performances! Oscar-worthy acting all around.",positive
"Couldn't finish it. Turned it off after 30 minutes.",negative
"Absolutely loved it! Will definitely watch it again.",positive
"Terrible special effects and weak storyline.",negative
"A true cinematic gem. Everything about it was perfect.",positive
"Overrated and overhyped. Very mediocre film.",negative
"Spectacular! The best movie I've seen in a long time.",positive
"Awful pacing and dull characters. Very forgettable.",negative
"Amazing movie! The twist at the end was mind-blowing.",positive
"Poor acting and uninspired direction. Complete failure.",negative
"Fantastic entertainment! Great for the whole family.",positive
"Boring and predictable. Saw the ending coming from miles away.",negative
"Superb film with excellent writing and directing.",positive
"Disappointing on every level. Would not recommend.",negative
"Absolutely brilliant! A must-see for movie lovers.",positive
"Terrible movie with no redeeming qualities whatsoever.",negative
"Wonderful performances and beautiful cinematography.",positive
"Waste of talent. Even good actors couldn't save this mess.",negative
"Loved the chemistry between the lead actors. Great romance!",positive
"Hated everything about it. Worst film of the year.",negative
"Outstanding movie! Kept me on the edge of my seat.",positive
"Confusing plot and boring execution. Total disappointment.",negative
"Perfect blend of action and drama. Highly entertaining!",positive
"Awful soundtrack and terrible editing. Very amateurish.",negative
"Incredible movie! The ending left me speechless.",positive
"Poorly made with bad special effects and weak dialogue.",negative
"Absolutely amazing! One for the ages.",positive
"Couldn't stand it. Walked out of the theater.",negative
"Beautiful film with a touching story. Made me cry.",positive
"Ridiculous plot and unbelievable characters. Utter nonsense.",negative
"Wonderful movie! Great performances all around.",positive
"Boring from start to finish. Nothing memorable.",negative
"Excellent film! The director outdid himself.",positive
"Terrible waste of potential. Could have been so much better.",negative
"Loved it! The action sequences were phenomenal.",positive
"Horrible movie. Regret watching it completely.",negative
"Fantastic story and amazing visuals. A true work of art.",positive
"Disappointing and forgettable. Not worth the hype.",negative
"Brilliant movie! The best thriller I've seen in years.",positive
"Awful and boring. Couldn't wait for it to end.",negative
"Absolutely delightful! Funny and heartwarming.",positive
"Terrible acting and weak plot. Complete disaster.",negative
"Magnificent! Every aspect was executed perfectly.",positive
"Waste of good actors. Poor script ruined everything.",negative
"Loved the cinematography! Visually stunning film.",positive
"Dull and uninspiring. Very disappointing experience.",negative
"Amazing movie! The plot twists were unexpected.",positive
"Boring dialogue and slow pacing. Very tedious.",negative
"Wonderful film with great depth and meaning.",positive
"Horrible mess. Nothing made sense at all.",negative
"Excellent movie! Will definitely recommend to friends.",positive
"Terrible from beginning to end. Avoid at all costs.",negative
"Fantastic performances! The cast was incredible.",positive
"Poorly executed with amateur directing. Very bad.",negative
"Loved the humor! Laughed throughout the entire film.",positive
"Disappointing and confusing. Not entertaining at all.",negative
"Superb movie! The storytelling was exceptional.",positive
"Awful and forgettable. Waste of everyone's time.",negative
"Incredible film! Had me hooked from the first scene.",positive
"Boring and lifeless. No energy or excitement.",negative
"Absolutely phenomenal! A cinematic masterpiece.",positive
"Terrible script and poor execution. Very amateurish.",negative
"Loved every second! The ending was perfect.",positive
"Horrible experience. One of the worst movies ever.",negative
"Outstanding! The performances were Oscar-worthy.",positive
"Weak storyline and boring characters. Very dull.",negative
"Amazing film! The cinematography was breathtaking.",positive
"Disappointing waste of talent and resources.",negative
"Brilliant! One of the best movies of the decade.",positive
"Terrible direction and awful acting throughout.",negative
"Wonderful movie! The music was beautiful too.",positive
"Boring and predictable. Saw everything coming.",negative
"Fantastic film! The action was non-stop excitement.",positive
"Poor quality and bad production. Very disappointing.",negative
"Excellent! The plot was gripping and engaging.",positive
"Awful movie with no redeeming qualities.",negative
"Loved the emotional depth! Very moving experience.",positive
"Horrible waste of time and money. Don't bother.",negative
"Superb storytelling! Every scene was meaningful.",positive
"Terrible pacing and confusing narrative. Poorly done.",negative
"Absolutely amazing! The best film of the year.",positive
"Boring and uneventful. Nothing interesting happens.",negative
"Wonderful performances! The entire cast was perfect.",positive
"Disappointing on all fronts. Complete failure.",negative
"Fantastic movie! The suspense was incredible.",positive
"Awful screenplay and weak direction. Very bad.",negative
"Loved it! The special effects were mind-blowing.",positive
"Terrible and forgettable. Waste of good premise.",negative
"Outstanding film! Worth watching multiple times.",positive
"Boring dialogue and uninteresting plot. Very dull.",negative
"Excellent entertainment! Fun from start to finish.",positive
"Horrible acting and terrible script. Complete disaster.",negative
"Amazing cinematography! Visually spectacular film.",positive
"Disappointing and overrated. Not worth the hype.",negative
"Brilliant performances! The actors were incredible.",positive
"Awful movie. One of the worst I've ever seen.",negative
"Wonderful story! Touched my heart deeply.",positive
"Boring and slow. Couldn't hold my attention.",negative
"Fantastic thriller! Kept me guessing until the end.",positive
"Terrible waste of talented actors. Poor direction.",negative
"Loved the romance! Beautiful love story.",positive
"Horrible and confusing. Made no sense at all.",negative
"Superb film! Everything about it was perfect.",positive
"Weak plot and bad acting. Very disappointing.",negative
"Absolutely loved it! Best movie experience ever.",positive
"Terrible from start to finish. Avoid completely.",negative
"Excellent movie! The director is a genius.",positive
"Boring and uninspired. Nothing original or interesting.",negative
"Wonderful entertainment! Great for date night.",positive
"Disappointing mess. Nothing worked in this film.",negative
"Fantastic drama! Very emotional and powerful.",positive
"Awful editing and poor cinematography. Very bad.",negative
"Loved the character development! Well-written film.",positive
"Horrible pacing and dull story. Very tedious.",negative
"Amazing movie! One of my all-time favorites.",positive
"Terrible quality and poor production values.",negative
"Brilliant film! The message was profound.",positive
"Boring and lifeless. No spark or energy.",negative
"Excellent performances! The cast carried the film.",positive
"Awful and forgettable. Total waste of time.",negative
"Wonderful movie! Fun and entertaining throughout.",positive
"Disappointing ending ruined the entire experience.",negative
"Fantastic adventure! Exciting from beginning to end.",positive
"Terrible dialogue and weak storyline. Very poor.",negative
"Loved the plot twists! Unexpected and thrilling.",positive
"Horrible movie. Regret every minute of it.",negative
"Superb directing! The vision was clear and powerful.",positive
"Boring and predictable. Nothing new or exciting.",negative
"Absolutely phenomenal! A true masterpiece of cinema.",positive
"Terrible acting and poor script. Complete failure.",negative
"Excellent thriller! Had me on the edge of my seat.",positive
"Awful waste of potential. Could have been great.",negative
"Wonderful romance! Beautiful and heartwarming story.",positive
"Disappointing and confusing. Not enjoyable at all.",negative
"Fantastic movie! The humor was spot-on perfect.",positive
"Terrible production and bad direction throughout.",negative
"Loved everything! From acting to music to visuals.",positive
"Horrible experience. Worst movie I've seen this year.",negative
"Outstanding performances! Everyone delivered perfectly.",positive
"Boring from the first minute. Couldn't get into it.",negative
"Amazing film! The emotions were raw and real.",positive
"Terrible pacing made it feel like it lasted forever.",negative
"Brilliant storytelling! Kept me engaged completely.",positive
"Awful movie with no entertainment value whatsoever.",negative
"Wonderful cinematography! Every frame was beautiful.",positive
"Disappointing waste of a good concept. Poorly executed.",negative
"Fantastic entertainment! Will watch again for sure.",positive
"Terrible and boring. One of the worst films ever.",negative
"Excellent movie! Everything came together perfectly.",positive
"Horrible script and weak performances. Total disaster.",negative
"Loved the suspense! Thrilling and exciting throughout.",positive
"Boring and unoriginal. Nothing special about it.",negative
"Superb film! A must-watch for everyone.",positive
"Terrible dialogue ruined what could have been decent.",negative
"Absolutely delightful! Charming and entertaining movie.",positive
"Awful from beginning to end. Complete waste of money.",negative
"Wonderful story! Moving and beautifully told.",positive
"Disappointing and forgettable. Not worth your time.",negative
"Fantastic performances! The cast was phenomenal.",positive
"Terrible direction and poor editing. Very amateurish.",negative
"Loved the action! Spectacular fight sequences.",positive
"Horrible mess of a movie. Nothing worked.",negative
"Excellent film! One of the year's best releases.",positive
"Boring and slow-paced. Lost interest quickly.",negative
"Amazing adventure! Exciting journey from start to end.",positive
"Terrible waste of everyone's time and talent.",negative
"Brilliant movie! The best I've seen in months.",positive
"Awful and uninspiring. Very disappointing overall.",negative
"Wonderful experience! Exceeded all my expectations.",positive
"Disappointing on every single level. Total failure.",negative
"Fantastic film! A cinematic triumph in every way.",positive
"Terrible quality. Felt like a student film project.",negative
"Loved the mystery! Kept me guessing throughout.",positive
"Horrible acting destroyed what could have been good.",negative
"Superb entertainment! Perfect movie for the weekend.",positive
"Boring and lifeless. No redeeming qualities at all.",negative